[
{
  "model": "contenttypes.contenttype",
  "pk": 1,
  "fields": {
    "app_label": "admin",
    "model": "logentry"
  }
},
{
  "model": "contenttypes.contenttype",
  "pk": 2,
  "fields": {
    "app_label": "auth",
    "model": "permission"
  }
},
{
  "model": "contenttypes.contenttype",
  "pk": 3,
  "fields": {
    "app_label": "auth",
    "model": "group"
  }
},
{
  "model": "contenttypes.contenttype",
  "pk": 4,
  "fields": {
    "app_label": "contenttypes",
    "model": "contenttype"
  }
},
{
  "model": "contenttypes.contenttype",
  "pk": 5,
  "fields": {
    "app_label": "sessions",
    "model": "session"
  }
},
{
  "model": "contenttypes.contenttype",
  "pk": 6,
  "fields": {
    "app_label": "shop",
    "model": "user"
  }
},
{
  "model": "contenttypes.contenttype",
  "pk": 7,
  "fields": {
    "app_label": "shop",
    "model": "good"
  }
},
{
  "model": "contenttypes.contenttype",
  "pk": 8,
  "fields": {
    "app_label": "shop",
    "model": "score"
  }
},
{
  "model": "contenttypes.contenttype",
  "pk": 9,
  "fields": {
    "app_label": "shop",
    "model": "relationship_user"
  }
},
{
  "model": "contenttypes.contenttype",
  "pk": 10,
  "fields": {
    "app_label": "shop",
    "model": "relationship_score"
  }
},
{
  "model": "contenttypes.contenttype",
  "pk": 11,
  "fields": {
    "app_label": "shop",
    "model": "article"
  }
},
{
  "model": "contenttypes.contenttype",
  "pk": 12,
  "fields": {
    "app_label": "shop",
    "model": "relationship_article"
  }
},
{
  "model": "contenttypes.contenttype",
  "pk": 13,
  "fields": {
    "app_label": "shop",
    "model": "order"
  }
},
{
  "model": "contenttypes.contenttype",
  "pk": 14,
  "fields": {
    "app_label": "shop",
    "model": "relationship_order"
  }
},
{
  "model": "contenttypes.contenttype",
  "pk": 15,
  "fields": {
    "app_label": "shop",
    "model": "type_good"
  }
},
{
  "model": "contenttypes.contenttype",
  "pk": 16,
  "fields": {
    "app_label": "shop",
    "model": "relationship_type"
  }
},
{
  "model": "sessions.session",
  "pk": "bcbuow38lzrhpgjjjaoa1ox3pjx1fxkd",
  "fields": {
    "session_data": "YmI4NDNlMDU4ZDdiNzQxYmVmN2M5ZjlmMDE4ODdiZTQwY2NmNTY4NTp7Il9hdXRoX3VzZXJfaWQiOiIxIiwiX2F1dGhfdXNlcl9iYWNrZW5kIjoiZGphbmdvLmNvbnRyaWIuYXV0aC5iYWNrZW5kcy5Nb2RlbEJhY2tlbmQiLCJfYXV0aF91c2VyX2hhc2giOiIxODkyOTY4NDcxOTlhM2YzMGFkNThjMGE4MWYzNjI3NTllMDE3MWRjIn0=",
    "expire_date": "2020-11-07T22:39:31.419Z"
  }
},
{
  "model": "sessions.session",
  "pk": "oly2susprq8bte94edh012013eoit7rc",
  "fields": {
    "session_data": "ODM2YTIyYjFkZDE3ZGFkMTk3ZmQyYmQxNTRjYTZmZjYxZDUyMjdmYzp7Il9hdXRoX3VzZXJfaWQiOiIxIiwiX2F1dGhfdXNlcl9iYWNrZW5kIjoiZGlwbG9tX2RqYW5nby5FbWFpbEJhY2tlbmQuQ3VzdG9tQmFja2VuZCIsIl9hdXRoX3VzZXJfaGFzaCI6IjE4OTI5Njg0NzE5OWEzZjMwYWQ1OGMwYTgxZjM2Mjc1OWUwMTcxZGMifQ==",
    "expire_date": "2020-11-30T21:12:32.388Z"
  }
},
{
  "model": "sessions.session",
  "pk": "wp36jd9v9mcbyo8w2kr59h6ny2iapd2v",
  "fields": {
    "session_data": "ZTY3ZTU0MzQ1YTgyY2VlMjI3NDc5MDhjMmI0ZjNhYTJmNTZlYzRiNTp7Il9hdXRoX3VzZXJfaWQiOiIxIiwiX2F1dGhfdXNlcl9iYWNrZW5kIjoiZGlwbG9tX2RqYW5nby5FbWFpbEJhY2tlbmQuQ3VzdG9tQmFja2VuZCIsIl9hdXRoX3VzZXJfaGFzaCI6ImI0NGMyZTVjN2EyMzFkMTIzMzkzZjk0MzdlNzYwNTIxYzgxOTA0NjUifQ==",
    "expire_date": "2020-12-07T14:06:52.832Z"
  }
},
{
  "model": "shop.type_good",
  "pk": 1,
  "fields": {
    "view": "\u0421\u043c\u0430\u0440\u0442\u0444\u043e\u043d"
  }
},
{
  "model": "shop.type_good",
  "pk": 2,
  "fields": {
    "view": "\u041e\u0434\u0435\u0436\u0434\u0430"
  }
},
{
  "model": "shop.good",
  "pk": 1,
  "fields": {
    "name": "Iphone 7",
    "slug": "iphone-7",
    "description": null,
    "view_main": null,
    "image": "iphone7.webp"
  }
},
{
  "model": "shop.good",
  "pk": 2,
  "fields": {
    "name": "Nexus 5X",
    "slug": "nexus-5x",
    "description": null,
    "view_main": null,
    "image": "nexus5x.webp"
  }
},
{
  "model": "shop.good",
  "pk": 3,
  "fields": {
    "name": "Pixel 2",
    "slug": "pixel-2",
    "description": null,
    "view_main": null,
    "image": "pixel2.webp"
  }
},
{
  "model": "shop.good",
  "pk": 4,
  "fields": {
    "name": "Samsung S8",
    "slug": "samsung-s8",
    "description": null,
    "view_main": null,
    "image": "samsungs8.webp"
  }
},
{
  "model": "shop.good",
  "pk": 5,
  "fields": {
    "name": "Fufajka",
    "slug": "fufajka",
    "description": null,
    "view_main": null,
    "image": "fufajka.jpg"
  }
},
{
  "model": "shop.score",
  "pk": 1,
  "fields": {
    "name": "\u0412\u0430\u0441\u044f",
    "review": "\u0425\u043e\u0440\u043e\u0448\u0438\u0439 \u0442\u0435\u043b\u0435\u0444\u043e\u043d, \u043d\u043e \u0434\u043e\u0440\u043e\u0433\u043e\u0439",
    "star": 4
  }
},
{
  "model": "shop.score",
  "pk": 2,
  "fields": {
    "name": "\u041a\u043e\u043b\u044f",
    "review": "\u041c\u043d\u0435 \u043d\u0435 \u043f\u043e\u043d\u0440\u0430\u0432\u0438\u043b\u0441\u044f, Samsung \u043b\u0443\u0447\u0448\u0435",
    "star": 2
  }
},
{
  "model": "shop.score",
  "pk": 3,
  "fields": {
    "name": "\u0410\u043d\u0434\u0440\u0435\u0439",
    "review": "\u0425\u043e\u0440\u043e\u0448\u0435\u0435 \u0441\u043e\u0447\u0438\u0442\u0430\u043d\u0438\u0435 \u0446\u0435\u043d\u044b \u0438 \u043a\u0430\u0447\u0435\u0441\u0442\u0432\u0430",
    "star": 4
  }
},
{
  "model": "shop.score",
  "pk": 4,
  "fields": {
    "name": "\u0412\u0430\u0441\u044f",
    "review": "\u0425\u043e\u0440\u043e\u0448\u0430\u044f \u043c\u0430\u0439\u043a\u0430",
    "star": 5
  }
},
{
  "model": "shop.score",
  "pk": 5,
  "fields": {
    "name": "\u0421\u0430\u0448\u0430",
    "review": "\u041e\u0447\u0435\u043d\u044c \u0445\u043e\u0440\u043e\u0448\u0438\u0439 \u0442\u0435\u043b\u0435\u0444\u043e\u043d!!!",
    "star": 5
  }
},
{
  "model": "shop.article",
  "pk": 1,
  "fields": {
    "title": "\u041d\u0435 \u0437\u043d\u0430\u0435\u0442\u0435 \u0447\u0442\u043e \u043e\u0434\u0435\u0442\u044c \u043b\u0435\u0442\u043e\u043c?",
    "massage": "\u0412\u043e\u0442 \u0447\u0442\u043e \u043c\u044b \u043c\u043e\u0436\u0435\u043c \u043f\u0440\u0435\u0434\u043b\u043e\u0436\u0438\u0442\u044c:",
    "date_make": "2020-11-22"
  }
},
{
  "model": "shop.relationship_score",
  "pk": 1,
  "fields": {
    "score": 1,
    "good": 1
  }
},
{
  "model": "shop.relationship_score",
  "pk": 2,
  "fields": {
    "score": 2,
    "good": 1
  }
},
{
  "model": "shop.relationship_score",
  "pk": 3,
  "fields": {
    "score": 3,
    "good": 2
  }
},
{
  "model": "shop.relationship_score",
  "pk": 4,
  "fields": {
    "score": 4,
    "good": 5
  }
},
{
  "model": "shop.relationship_score",
  "pk": 5,
  "fields": {
    "score": 5,
    "good": 2
  }
},
{
  "model": "shop.relationship_article",
  "pk": 1,
  "fields": {
    "article": 1,
    "good": 5
  }
},
{
  "model": "shop.order",
  "pk": 1,
  "fields": {
    "date": "2020-11-22T23:29:16.666Z",
    "name_user": "admin",
    "id_user": 1,
    "amount_goods": 1
  }
},
{
  "model": "shop.order",
  "pk": 2,
  "fields": {
    "date": "2020-11-22T23:29:16.668Z",
    "name_user": "admin",
    "id_user": 1,
    "amount_goods": 1
  }
},
{
  "model": "shop.order",
  "pk": 3,
  "fields": {
    "date": "2020-11-22T23:29:16.669Z",
    "name_user": "admin",
    "id_user": 1,
    "amount_goods": 1
  }
},
{
  "model": "shop.order",
  "pk": 4,
  "fields": {
    "date": "2020-11-22T23:29:16.671Z",
    "name_user": "admin",
    "id_user": 1,
    "amount_goods": 1
  }
},
{
  "model": "shop.order",
  "pk": 5,
  "fields": {
    "date": "2020-11-22T23:29:16.672Z",
    "name_user": "admin",
    "id_user": 1,
    "amount_goods": 1
  }
},
{
  "model": "shop.order",
  "pk": 6,
  "fields": {
    "date": "2020-11-22T23:29:16.674Z",
    "name_user": "admin",
    "id_user": 1,
    "amount_goods": 3
  }
},
{
  "model": "shop.order",
  "pk": 7,
  "fields": {
    "date": "2020-11-22T23:29:16.674Z",
    "name_user": "admin",
    "id_user": 1,
    "amount_goods": 6
  }
},
{
  "model": "shop.relationship_order",
  "pk": 1,
  "fields": {
    "order": 1,
    "good": 4,
    "quantity": 1
  }
},
{
  "model": "shop.relationship_order",
  "pk": 2,
  "fields": {
    "order": 3,
    "good": 4,
    "quantity": 2
  }
},
{
  "model": "shop.relationship_order",
  "pk": 3,
  "fields": {
    "order": 3,
    "good": 2,
    "quantity": 1
  }
},
{
  "model": "shop.relationship_order",
  "pk": 4,
  "fields": {
    "order": 3,
    "good": 5,
    "quantity": 2
  }
},
{
  "model": "shop.relationship_order",
  "pk": 5,
  "fields": {
    "order": 4,
    "good": 5,
    "quantity": 1
  }
},
{
  "model": "shop.relationship_order",
  "pk": 6,
  "fields": {
    "order": 5,
    "good": 4,
    "quantity": 1
  }
},
{
  "model": "shop.relationship_order",
  "pk": 7,
  "fields": {
    "order": 5,
    "good": 5,
    "quantity": 2
  }
},
{
  "model": "shop.relationship_order",
  "pk": 8,
  "fields": {
    "order": 5,
    "good": 1,
    "quantity": 1
  }
},
{
  "model": "shop.relationship_order",
  "pk": 9,
  "fields": {
    "order": 6,
    "good": 5,
    "quantity": 4
  }
},
{
  "model": "shop.relationship_order",
  "pk": 10,
  "fields": {
    "order": 6,
    "good": 4,
    "quantity": 1
  }
},
{
  "model": "shop.relationship_order",
  "pk": 11,
  "fields": {
    "order": 6,
    "good": 2,
    "quantity": 1
  }
},
{
  "model": "shop.relationship_order",
  "pk": 12,
  "fields": {
    "order": 7,
    "good": 1,
    "quantity": 3
  }
},
{
  "model": "shop.relationship_order",
  "pk": 13,
  "fields": {
    "order": 7,
    "good": 5,
    "quantity": 2
  }
},
{
  "model": "shop.relationship_order",
  "pk": 14,
  "fields": {
    "order": 7,
    "good": 2,
    "quantity": 1
  }
},
{
  "model": "shop.relationship_type",
  "pk": 1,
  "fields": {
    "type_good": 1,
    "good": 1
  }
},
{
  "model": "shop.relationship_type",
  "pk": 2,
  "fields": {
    "type_good": 1,
    "good": 2
  }
},
{
  "model": "shop.relationship_type",
  "pk": 3,
  "fields": {
    "type_good": 1,
    "good": 3
  }
},
{
  "model": "shop.relationship_type",
  "pk": 4,
  "fields": {
    "type_good": 1,
    "good": 4
  }
},
{
  "model": "shop.relationship_type",
  "pk": 5,
  "fields": {
    "type_good": 2,
    "good": 5
  }
},
{
  "model": "auth.permission",
  "pk": 1,
  "fields": {
    "name": "Can add log entry",
    "content_type": 1,
    "codename": "add_logentry"
  }
},
{
  "model": "auth.permission",
  "pk": 2,
  "fields": {
    "name": "Can change log entry",
    "content_type": 1,
    "codename": "change_logentry"
  }
},
{
  "model": "auth.permission",
  "pk": 3,
  "fields": {
    "name": "Can delete log entry",
    "content_type": 1,
    "codename": "delete_logentry"
  }
},
{
  "model": "auth.permission",
  "pk": 4,
  "fields": {
    "name": "Can view log entry",
    "content_type": 1,
    "codename": "view_logentry"
  }
},
{
  "model": "auth.permission",
  "pk": 5,
  "fields": {
    "name": "Can add permission",
    "content_type": 2,
    "codename": "add_permission"
  }
},
{
  "model": "auth.permission",
  "pk": 6,
  "fields": {
    "name": "Can change permission",
    "content_type": 2,
    "codename": "change_permission"
  }
},
{
  "model": "auth.permission",
  "pk": 7,
  "fields": {
    "name": "Can delete permission",
    "content_type": 2,
    "codename": "delete_permission"
  }
},
{
  "model": "auth.permission",
  "pk": 8,
  "fields": {
    "name": "Can view permission",
    "content_type": 2,
    "codename": "view_permission"
  }
},
{
  "model": "auth.permission",
  "pk": 9,
  "fields": {
    "name": "Can add group",
    "content_type": 3,
    "codename": "add_group"
  }
},
{
  "model": "auth.permission",
  "pk": 10,
  "fields": {
    "name": "Can change group",
    "content_type": 3,
    "codename": "change_group"
  }
},
{
  "model": "auth.permission",
  "pk": 11,
  "fields": {
    "name": "Can delete group",
    "content_type": 3,
    "codename": "delete_group"
  }
},
{
  "model": "auth.permission",
  "pk": 12,
  "fields": {
    "name": "Can view group",
    "content_type": 3,
    "codename": "view_group"
  }
},
{
  "model": "auth.permission",
  "pk": 13,
  "fields": {
    "name": "Can add content type",
    "content_type": 4,
    "codename": "add_contenttype"
  }
},
{
  "model": "auth.permission",
  "pk": 14,
  "fields": {
    "name": "Can change content type",
    "content_type": 4,
    "codename": "change_contenttype"
  }
},
{
  "model": "auth.permission",
  "pk": 15,
  "fields": {
    "name": "Can delete content type",
    "content_type": 4,
    "codename": "delete_contenttype"
  }
},
{
  "model": "auth.permission",
  "pk": 16,
  "fields": {
    "name": "Can view content type",
    "content_type": 4,
    "codename": "view_contenttype"
  }
},
{
  "model": "auth.permission",
  "pk": 17,
  "fields": {
    "name": "Can add session",
    "content_type": 5,
    "codename": "add_session"
  }
},
{
  "model": "auth.permission",
  "pk": 18,
  "fields": {
    "name": "Can change session",
    "content_type": 5,
    "codename": "change_session"
  }
},
{
  "model": "auth.permission",
  "pk": 19,
  "fields": {
    "name": "Can delete session",
    "content_type": 5,
    "codename": "delete_session"
  }
},
{
  "model": "auth.permission",
  "pk": 20,
  "fields": {
    "name": "Can view session",
    "content_type": 5,
    "codename": "view_session"
  }
},
{
  "model": "auth.permission",
  "pk": 21,
  "fields": {
    "name": "Can add user",
    "content_type": 6,
    "codename": "add_user"
  }
},
{
  "model": "auth.permission",
  "pk": 22,
  "fields": {
    "name": "Can change user",
    "content_type": 6,
    "codename": "change_user"
  }
},
{
  "model": "auth.permission",
  "pk": 23,
  "fields": {
    "name": "Can delete user",
    "content_type": 6,
    "codename": "delete_user"
  }
},
{
  "model": "auth.permission",
  "pk": 24,
  "fields": {
    "name": "Can view user",
    "content_type": 6,
    "codename": "view_user"
  }
},
{
  "model": "auth.permission",
  "pk": 25,
  "fields": {
    "name": "Can add good",
    "content_type": 7,
    "codename": "add_good"
  }
},
{
  "model": "auth.permission",
  "pk": 26,
  "fields": {
    "name": "Can change good",
    "content_type": 7,
    "codename": "change_good"
  }
},
{
  "model": "auth.permission",
  "pk": 27,
  "fields": {
    "name": "Can delete good",
    "content_type": 7,
    "codename": "delete_good"
  }
},
{
  "model": "auth.permission",
  "pk": 28,
  "fields": {
    "name": "Can view good",
    "content_type": 7,
    "codename": "view_good"
  }
},
{
  "model": "auth.permission",
  "pk": 29,
  "fields": {
    "name": "Can add score",
    "content_type": 8,
    "codename": "add_score"
  }
},
{
  "model": "auth.permission",
  "pk": 30,
  "fields": {
    "name": "Can change score",
    "content_type": 8,
    "codename": "change_score"
  }
},
{
  "model": "auth.permission",
  "pk": 31,
  "fields": {
    "name": "Can delete score",
    "content_type": 8,
    "codename": "delete_score"
  }
},
{
  "model": "auth.permission",
  "pk": 32,
  "fields": {
    "name": "Can view score",
    "content_type": 8,
    "codename": "view_score"
  }
},
{
  "model": "auth.permission",
  "pk": 33,
  "fields": {
    "name": "Can add relationship_ user",
    "content_type": 9,
    "codename": "add_relationship_user"
  }
},
{
  "model": "auth.permission",
  "pk": 34,
  "fields": {
    "name": "Can change relationship_ user",
    "content_type": 9,
    "codename": "change_relationship_user"
  }
},
{
  "model": "auth.permission",
  "pk": 35,
  "fields": {
    "name": "Can delete relationship_ user",
    "content_type": 9,
    "codename": "delete_relationship_user"
  }
},
{
  "model": "auth.permission",
  "pk": 36,
  "fields": {
    "name": "Can view relationship_ user",
    "content_type": 9,
    "codename": "view_relationship_user"
  }
},
{
  "model": "auth.permission",
  "pk": 37,
  "fields": {
    "name": "Can add relationship_ score",
    "content_type": 10,
    "codename": "add_relationship_score"
  }
},
{
  "model": "auth.permission",
  "pk": 38,
  "fields": {
    "name": "Can change relationship_ score",
    "content_type": 10,
    "codename": "change_relationship_score"
  }
},
{
  "model": "auth.permission",
  "pk": 39,
  "fields": {
    "name": "Can delete relationship_ score",
    "content_type": 10,
    "codename": "delete_relationship_score"
  }
},
{
  "model": "auth.permission",
  "pk": 40,
  "fields": {
    "name": "Can view relationship_ score",
    "content_type": 10,
    "codename": "view_relationship_score"
  }
},
{
  "model": "auth.permission",
  "pk": 41,
  "fields": {
    "name": "Can add article",
    "content_type": 11,
    "codename": "add_article"
  }
},
{
  "model": "auth.permission",
  "pk": 42,
  "fields": {
    "name": "Can change article",
    "content_type": 11,
    "codename": "change_article"
  }
},
{
  "model": "auth.permission",
  "pk": 43,
  "fields": {
    "name": "Can delete article",
    "content_type": 11,
    "codename": "delete_article"
  }
},
{
  "model": "auth.permission",
  "pk": 44,
  "fields": {
    "name": "Can view article",
    "content_type": 11,
    "codename": "view_article"
  }
},
{
  "model": "auth.permission",
  "pk": 45,
  "fields": {
    "name": "Can add relationship_ article",
    "content_type": 12,
    "codename": "add_relationship_article"
  }
},
{
  "model": "auth.permission",
  "pk": 46,
  "fields": {
    "name": "Can change relationship_ article",
    "content_type": 12,
    "codename": "change_relationship_article"
  }
},
{
  "model": "auth.permission",
  "pk": 47,
  "fields": {
    "name": "Can delete relationship_ article",
    "content_type": 12,
    "codename": "delete_relationship_article"
  }
},
{
  "model": "auth.permission",
  "pk": 48,
  "fields": {
    "name": "Can view relationship_ article",
    "content_type": 12,
    "codename": "view_relationship_article"
  }
},
{
  "model": "auth.permission",
  "pk": 49,
  "fields": {
    "name": "Can add order",
    "content_type": 13,
    "codename": "add_order"
  }
},
{
  "model": "auth.permission",
  "pk": 50,
  "fields": {
    "name": "Can change order",
    "content_type": 13,
    "codename": "change_order"
  }
},
{
  "model": "auth.permission",
  "pk": 51,
  "fields": {
    "name": "Can delete order",
    "content_type": 13,
    "codename": "delete_order"
  }
},
{
  "model": "auth.permission",
  "pk": 52,
  "fields": {
    "name": "Can view order",
    "content_type": 13,
    "codename": "view_order"
  }
},
{
  "model": "auth.permission",
  "pk": 53,
  "fields": {
    "name": "Can add relationship_ order",
    "content_type": 14,
    "codename": "add_relationship_order"
  }
},
{
  "model": "auth.permission",
  "pk": 54,
  "fields": {
    "name": "Can change relationship_ order",
    "content_type": 14,
    "codename": "change_relationship_order"
  }
},
{
  "model": "auth.permission",
  "pk": 55,
  "fields": {
    "name": "Can delete relationship_ order",
    "content_type": 14,
    "codename": "delete_relationship_order"
  }
},
{
  "model": "auth.permission",
  "pk": 56,
  "fields": {
    "name": "Can view relationship_ order",
    "content_type": 14,
    "codename": "view_relationship_order"
  }
},
{
  "model": "auth.permission",
  "pk": 57,
  "fields": {
    "name": "Can add type_ good",
    "content_type": 15,
    "codename": "add_type_good"
  }
},
{
  "model": "auth.permission",
  "pk": 58,
  "fields": {
    "name": "Can change type_ good",
    "content_type": 15,
    "codename": "change_type_good"
  }
},
{
  "model": "auth.permission",
  "pk": 59,
  "fields": {
    "name": "Can delete type_ good",
    "content_type": 15,
    "codename": "delete_type_good"
  }
},
{
  "model": "auth.permission",
  "pk": 60,
  "fields": {
    "name": "Can view type_ good",
    "content_type": 15,
    "codename": "view_type_good"
  }
},
{
  "model": "auth.permission",
  "pk": 61,
  "fields": {
    "name": "Can add relationship_ type",
    "content_type": 16,
    "codename": "add_relationship_type"
  }
},
{
  "model": "auth.permission",
  "pk": 62,
  "fields": {
    "name": "Can change relationship_ type",
    "content_type": 16,
    "codename": "change_relationship_type"
  }
},
{
  "model": "auth.permission",
  "pk": 63,
  "fields": {
    "name": "Can delete relationship_ type",
    "content_type": 16,
    "codename": "delete_relationship_type"
  }
},
{
  "model": "auth.permission",
  "pk": 64,
  "fields": {
    "name": "Can view relationship_ type",
    "content_type": 16,
    "codename": "view_relationship_type"
  }
},
{
  "model": "shop.user",
  "pk": 1,
  "fields": {
    "password": "pbkdf2_sha256$150000$8QgWlVYLioiX$3bm83/wLvn5DcmUVc4sNb6nW53toiJTIIAgg5XYgGR4=",
    "last_login": "2020-11-23T14:06:52.743Z",
    "is_superuser": true,
    "username": "admin",
    "first_name": "",
    "last_name": "",
    "email": "asd@asd.com",
    "is_staff": true,
    "is_active": true,
    "date_joined": "2020-10-24T22:38:51.582Z",
    "groups": [],
    "user_permissions": []
  }
},
{
  "model": "shop.user",
  "pk": 2,
  "fields": {
    "password": "pbkdf2_sha256$150000$cETxXfml3iOo$Vf79GSV6Gz+hyDL6vBKdUmALcWf/YVCsspnhz0UrXg8=",
    "last_login": null,
    "is_superuser": false,
    "username": "Oleg",
    "first_name": "",
    "last_name": "",
    "email": "email@email.com",
    "is_staff": false,
    "is_active": true,
    "date_joined": "2020-11-13T17:45:33.353Z",
    "groups": [],
    "user_permissions": []
  }
},
{
  "model": "shop.user",
  "pk": 3,
  "fields": {
    "password": "pbkdf2_sha256$150000$2VRpRYVDh7VH$tdI7qqsUk2qOJofH/uS0to1048bsYjCzcuDHnHutOkg=",
    "last_login": "2020-11-15T13:52:28.658Z",
    "is_superuser": false,
    "username": "Sasha",
    "first_name": "",
    "last_name": "",
    "email": "asdf@asdf.ru",
    "is_staff": false,
    "is_active": true,
    "date_joined": "2020-11-15T13:51:33.185Z",
    "groups": [],
    "user_permissions": []
  }
},
{
  "model": "shop.user",
  "pk": 5,
  "fields": {
    "password": "pbkdf2_sha256$150000$8sZsA4nRD5NJ$xqtRn/FQ2xEVatpcoVrG7+g8+cu40YfyCEl6CRVnuyI=",
    "last_login": "2020-11-16T20:30:04.700Z",
    "is_superuser": false,
    "username": "Rus",
    "first_name": "",
    "last_name": "",
    "email": "rus@rus.com",
    "is_staff": false,
    "is_active": true,
    "date_joined": "2020-11-16T20:30:04.082Z",
    "groups": [],
    "user_permissions": []
  }
},
{
  "model": "shop.relationship_user",
  "pk": 1,
  "fields": {
    "user": 1,
    "good": 2,
    "date_add_cart": "2020-11-23T00:28:56.360Z",
    "quantity": 1
  }
}
]
